[
  {
    "id": 2,
    "title": "Argentina",
    "slug": "argentina",
    "_json": "",
    "parent_id": 0
  },
  {
    "id": 3,
    "title": "Mendoza",
    "slug": "mendoza",
    "_json": "",
    "parent_id": 2
  },
  {
    "id": 4,
    "title": "Luj\u00e1n de Cuyo",
    "slug": "lujandecuyo",
    "_json": "",
    "parent_id": 3
  },
  {
    "id": 5,
    "title": "Perdriel",
    "slug": "perdriel",
    "_json": "",
    "parent_id": 4
  },
  { "id": 6, "title": "Salta", "slug": "salta", "_json": "", "parent_id": 2 },
  {
    "id": 7,
    "title": "Cafayate",
    "slug": "cafayate",
    "_json": "",
    "parent_id": 6
  },
  {
    "id": 8,
    "title": "Maip\u00fa",
    "slug": "maipu",
    "_json": "",
    "parent_id": 3
  },
  {
    "id": 9,
    "title": "Valle de Uco",
    "slug": "valledeuco",
    "_json": "",
    "parent_id": 3
  },
  {
    "id": 10,
    "title": "Los Arboles",
    "slug": "losarboles",
    "_json": "",
    "parent_id": 9
  },
  {
    "id": 11,
    "title": "Paraje Altamira",
    "slug": "parajealtamira",
    "_json": "",
    "parent_id": 9
  },
  {
    "id": 12,
    "title": "Barrancas",
    "slug": "barrancas",
    "_json": "",
    "parent_id": 8
  },
  {
    "id": 13,
    "title": "Altamira",
    "slug": "altamira",
    "_json": "",
    "parent_id": 9
  },
  {
    "id": 14,
    "title": "Tupungato",
    "slug": "tupungato",
    "_json": "",
    "parent_id": 9
  },
  {
    "id": 15,
    "title": "Gualtallary",
    "slug": "gualtallary",
    "_json": "",
    "parent_id": 14
  },
  {
    "id": 16,
    "title": "Agrelo",
    "slug": "agrelo",
    "_json": "",
    "parent_id": 4
  },
  {
    "id": 17,
    "title": "Vistalba",
    "slug": "vistalba",
    "_json": "",
    "parent_id": 4
  },
  {
    "id": 18,
    "title": "Tunuy\u00e1n",
    "slug": "tunuyan",
    "_json": "",
    "parent_id": 9
  },
  {
    "id": 19,
    "title": "Vistaflores",
    "slug": "vistaflores",
    "_json": "",
    "parent_id": 18
  },
  {
    "id": 20,
    "title": "Los Chacayes",
    "slug": "chacayes",
    "_json": "",
    "parent_id": 18
  },
  {
    "id": 21,
    "title": "Ugarteche",
    "slug": "ugarteche",
    "_json": "",
    "parent_id": 4
  },
  {
    "id": 22,
    "title": "Patagonia",
    "slug": "patagonia",
    "_json": "",
    "parent_id": 2
  },
  {
    "id": 23,
    "title": "Neuqu\u00e9n",
    "slug": "neuquen",
    "_json": "",
    "parent_id": 22
  },
  {
    "id": 24,
    "title": "San Patricio del Cha\u00f1ar",
    "slug": "san-patricio-del-chanar",
    "_json": "",
    "parent_id": 23
  },
  { "id": 25, "title": "USA", "slug": "usa", "_json": "", "parent_id": 0 },
  {
    "id": 26,
    "title": "San Francisco",
    "slug": "san-francisco-usa",
    "_json": "",
    "parent_id": 25
  },
  {
    "id": 27,
    "title": "Santa Rosa",
    "slug": "santa-rosa-mdz",
    "_json": "",
    "parent_id": 3
  },
  {
    "id": 28,
    "title": "El Marcado",
    "slug": "el-marcado",
    "_json": "",
    "parent_id": 27
  },
  {
    "id": 29,
    "title": "La Consulta",
    "slug": "la-consulta",
    "_json": "",
    "parent_id": 14
  },
  { "id": 30, "title": "Chile", "slug": "chile", "_json": "", "parent_id": 0 },
  {
    "id": 31,
    "title": "Valle de Colchagua",
    "slug": "valle-de-colchagua",
    "_json": "",
    "parent_id": 30
  },
  {
    "id": 32,
    "title": "Marchig\u00fce",
    "slug": "marchigue",
    "_json": "",
    "parent_id": 31
  },
  {
    "id": 33,
    "title": "Apalta",
    "slug": "apalta",
    "_json": "",
    "parent_id": 31
  },
  {
    "id": 34,
    "title": "Santa Cruz",
    "slug": "santa-cruz-colchagua",
    "_json": "",
    "parent_id": 31
  },
  {
    "id": 35,
    "title": "Valle de Aconcagua",
    "slug": "valle-aconcagua",
    "_json": "",
    "parent_id": 30
  },
  {
    "id": 36,
    "title": "Zapallar",
    "slug": "zapallar",
    "_json": "",
    "parent_id": 35
  },
  {
    "id": 37,
    "title": "Valle de Itata",
    "slug": "itata",
    "_json": "",
    "parent_id": 30
  },
  {
    "id": 38,
    "title": "Quill\u00f3n",
    "slug": "quillon",
    "_json": "",
    "parent_id": 37
  },
  {
    "id": 39,
    "title": "Junin",
    "slug": "junin-mendoza",
    "_json": "",
    "parent_id": 3
  },
  {
    "id": 40,
    "title": "Francia",
    "slug": "francia",
    "_json": "",
    "parent_id": 0
  },
  {
    "id": 41,
    "title": "Portugal",
    "slug": "portugal",
    "_json": "",
    "parent_id": 0
  },
  { "id": 42, "title": "Gaia", "slug": "gaia", "_json": "", "parent_id": 41 },
  {
    "id": 43,
    "title": "Espa\u00f1a",
    "slug": "espana",
    "_json": "",
    "parent_id": 0
  },
  { "id": 44, "title": "UK", "slug": "uk", "_json": "", "parent_id": 0 },
  {
    "id": 45,
    "title": "Las Compuertas",
    "slug": "las-compuertas",
    "_json": "",
    "parent_id": 4
  },
  {
    "id": 46,
    "title": "San Rafael",
    "slug": "san-rafael",
    "_json": "",
    "parent_id": 3
  },
  {
    "id": 47,
    "title": "Ca\u00f1ada Seca",
    "slug": "canada-seca",
    "_json": "",
    "parent_id": 46
  },
  { "id": 48, "title": "Jujuy", "slug": "jujuy", "_json": "", "parent_id": 2 },
  {
    "id": 49,
    "title": "Buenos Aires",
    "slug": "buenos-aires",
    "_json": "",
    "parent_id": 2
  },
  {
    "id": 50,
    "title": "La Rioja (Espa\u00f1a)",
    "slug": "la-rioja-espana",
    "_json": "",
    "parent_id": 43
  },
  {
    "id": 51,
    "title": "Molinos",
    "slug": "molinos",
    "_json": "",
    "parent_id": 6
  },
  {
    "id": 52,
    "title": "Tacuil",
    "slug": "tacuil",
    "_json": "",
    "parent_id": 51
  },
  {
    "id": 53,
    "title": "San Martin",
    "slug": "sanmartin",
    "_json": "",
    "parent_id": 3
  },
  {
    "id": 54,
    "title": "Monte Caseros",
    "slug": "montecaseros",
    "_json": "",
    "parent_id": 53
  },
  {
    "id": 55,
    "title": "Valle del Limar\u00ed",
    "slug": "valle-del-limari",
    "_json": "",
    "parent_id": 30
  },
  {
    "id": 56,
    "title": "Valle del Alto Maipo",
    "slug": "valle-del-alto-maipo",
    "_json": "",
    "parent_id": 30
  },
  {
    "id": 57,
    "title": "Rio Negro",
    "slug": "rio-negro",
    "_json": "",
    "parent_id": 22
  },
  {
    "id": 58,
    "title": "Catamarca",
    "slug": "catamarca",
    "_json": "",
    "parent_id": 2
  },
  {
    "id": 59,
    "title": "San Juan",
    "slug": "san-juan",
    "_json": "",
    "parent_id": 2
  },
  {
    "id": 60,
    "title": "La Rioja (Argentina)",
    "slug": "la-rioja",
    "_json": "",
    "parent_id": 2
  },
  {
    "id": 61,
    "title": "Humahuaca",
    "slug": "humahuaca",
    "_json": "",
    "parent_id": 48
  },
  {
    "id": 62,
    "title": "Valle de Famatina",
    "slug": "famatina",
    "_json": "",
    "parent_id": 60
  },
  {
    "id": 63,
    "title": "Valle Central",
    "slug": "valle_central_chile",
    "_json": "",
    "parent_id": 30
  },
  {
    "id": 64,
    "title": "Valle del Maipo",
    "slug": "valle_del_maipo",
    "_json": "",
    "parent_id": 30
  },
  {
    "id": 65,
    "title": "Valle del Cachapoal",
    "slug": "valle_del_cachapoal",
    "_json": "",
    "parent_id": 30
  },
  {
    "id": 66,
    "title": "Valle de San Antonio",
    "slug": "valle_de_san_antonio",
    "_json": "",
    "parent_id": 30
  },
  {
    "id": 67,
    "title": "Valle de Casablanca",
    "slug": "valle_de_casablanca",
    "_json": "",
    "parent_id": 30
  },
  {
    "id": 68,
    "title": "D.O. Puente Alto",
    "slug": "do_puente_alto",
    "_json": "",
    "parent_id": 56
  },
  {
    "id": 69,
    "title": "Las Carreras",
    "slug": "las_carreras",
    "_json": "",
    "parent_id": 14
  },
  {
    "id": 70,
    "title": "Valle del Leyda",
    "slug": "leyda_valley",
    "_json": "",
    "parent_id": 30
  },
  {
    "id": 71,
    "title": "D.O. Santo Domingo",
    "slug": "do_santo_domingo",
    "_json": "",
    "parent_id": 70
  },
  {
    "id": 72,
    "title": "Champagne",
    "slug": "champagne",
    "_json": "",
    "parent_id": 40
  },
  {
    "id": 73,
    "title": "Suecia",
    "slug": "suecia",
    "_json": "",
    "parent_id": 0
  },
  {
    "id": 74,
    "title": "Escocia",
    "slug": "escocia",
    "_json": "",
    "parent_id": 0
  },
  {
    "id": 75,
    "title": "Inglaterra",
    "slug": "inglaterra",
    "_json": "",
    "parent_id": 0
  },
  {
    "id": 76,
    "title": "Irlanda",
    "slug": "irlanda",
    "_json": "",
    "parent_id": 0
  },
  { "id": 77, "title": "Cuba", "slug": "cuba", "_json": "", "parent_id": 0 },
  {
    "id": 78,
    "title": "Canad\u00e1",
    "slug": "canada",
    "_json": "",
    "parent_id": 0
  },
  {
    "id": 79,
    "title": "Mexico",
    "slug": "mexico",
    "_json": "",
    "parent_id": 0
  },
  {
    "id": 80,
    "title": "Italia",
    "slug": "italia",
    "_json": "",
    "parent_id": 0
  },
  {
    "id": 81,
    "title": "Pened\u00e9s",
    "slug": "penedes",
    "_json": "",
    "parent_id": 43
  },
  {
    "id": 82,
    "title": "Sant Sadurn\u00ed d' Anoia",
    "slug": "sant-sadurni-d-anoia",
    "_json": "",
    "parent_id": 43
  },
  {
    "id": 83,
    "title": "Tarragona",
    "slug": "tarragona",
    "_json": "",
    "parent_id": 43
  },
  {
    "id": 84,
    "title": "Veneto",
    "slug": "veneto",
    "_json": "",
    "parent_id": 80
  },
  { "id": 85, "title": "Reims", "slug": "reims", "_json": "", "parent_id": 40 },
  {
    "id": 86,
    "title": "Catalu\u00f1a",
    "slug": "cataluna",
    "_json": "",
    "parent_id": 43
  },
  { "id": 87, "title": "Rioja", "slug": "rioja", "_json": "", "parent_id": 43 },
  {
    "id": 88,
    "title": "Brasil",
    "slug": "brasil",
    "_json": "",
    "parent_id": 0
  },
  {
    "id": 89,
    "title": "Trinidad y Tobago",
    "slug": "trinidad-y-tobago",
    "_json": "",
    "parent_id": 0
  }
]
